Model,Full Name,Parameters (M),Size (MB),Avg Time (ms),Std (ms),FPS,Detections
YOLOv8n,YOLOv8-Nano,3.1572,6.246372222900391,48.06327819824219,2.845698198782556,20.80590499623001,6
YOLOv8s,YOLOv8-Small,11.16656,21.54233169555664,94.05145645141602,7.157332569337624,10.632477557820364,5
YOLOv8m,YOLOv8-Medium,25.90264,49.72160720825195,198.54834079742432,2.978010551994967,5.036556820287327,5
