conf_threshold,precision,recall,f1,num_predictions,tp,fp,fn
0.1,0.5,1.0,0.6666666666666666,6,3,3,0
0.2,0.5,1.0,0.6666666666666666,6,3,3,0
0.30000000000000004,0.5,1.0,0.6666666666666666,6,3,3,0
0.4,0.6,1.0,0.7499999999999999,5,3,2,0
0.5,0.75,1.0,0.8571428571428571,4,3,1,0
0.6,0.75,1.0,0.8571428571428571,4,3,1,0
0.7000000000000001,1.0,1.0,1.0,3,3,0,0
0.8,1.0,0.6666666666666666,0.8,2,2,0,1
0.9,1.0,0.3333333333333333,0.5,1,1,0,2
